***Keyword,
machine,
sewing machine,
sewing,
Sewing,
singer machine,
sewing mask,
brother machine sewing,
sewing mask pattern,
sewing tutorial,
sew,
sewing face mask,
how to sew,
face mask pattern sewing,
sewing curtains,
mask sewing tutorial,
sewing face mask tutorial,
sewing for beginners,
sewing machine singer,
hand machine sewing,
sewing machine repair,
sewing diy,
mini sewing machine,
hand sewing,
how to use sewing machine,
singer sewing machine,
sewing dress,
sewing clothes,
dress sewing,
brother sewing machine,
thread sewing machine,
face mask sewing tutorial,
easy sewing,
sewing machine for beginners,
usha sewing machine,
sewing pattern,
sewing machine tutorial,
diy sewing,
sewing projects,
sewing bag,
mask sewing,
how to thread sewing machine,
janome sewing machine,
sewing pants,
diy face mask no sewing,
diy mask no sewing machine,
diy face mask no sewing machine,
how to thread a sewing machine,
how to fix sewing machine,
sewing baby clothes,
***Couture***,
couture,
tuto couture,
haute couture,
couture 2021,
la couture,
randy couture,
sac couture,
couture vs,
couture facile,
robe couture,
juicy couture,
food couture,
madalena couture,
couture débutant,
dior couture,
dior,
pochette couture,
trousse couture,
chloe couture,
charlelie couture,
haute couture 2021,
couture bébé,
jerusha couture,
tuto couture sac,
chanel,
chanel couture,
needle,
